<?xml version="1.0"?>
<doc>
  <assembly>
    <name>NSCAPI</name>
  </assembly>
  <members>
    <member name="T:Cryptware.NSCAPI.SmartCardInsertedEventHandler">
      <summary>
            Handler for smart card inserted event
            </summary>
      <remarks>
            Called when a smart card is inserted in a reader
            </remarks>
      <param name="reader">Reader that generates the event</param>
    </member>
    <member name="T:Cryptware.NSCAPI.SmartCardRemovedEventHandler">
      <summary>
            Handler for smart card removed event
            </summary>
      <remarks>
            Called when a smart card is removed from a reader
            </remarks>
      <param name="reader">Reader that generates the event</param>
    </member>
    <member name="T:Cryptware.NSCAPI.Reader">
      <summary>
            Implements a smart card reader
            </summary>
      <remarks>
            A PC/SC smart card reader is uniquely identified by a name
            </remarks>
    </member>
    <member name="T:Cryptware.NSCAPI.IReader">
      <summary>
            Reader Interface
            </summary>
            13/07/2010
        </member>
    <member name="M:Cryptware.NSCAPI.IReader.Connect">
      <summary>
            Connects this instance.
            </summary>
      <returns>
      </returns>
            13/07/2010
        </member>
    <member name="M:Cryptware.NSCAPI.IReader.Connect(System.Int32)">
      <summary>
            Connects the specified shared mode.
            </summary>
      <param name="sharedMode">The shared mode.</param>
      <returns>
      </returns>
            13/07/2010
        </member>
    <member name="M:Cryptware.NSCAPI.IReader.Connect(System.Int32,System.Int32)">
      <summary>
            Connects the specified shared mode.
            </summary>
      <param name="sharedMode">The shared mode.</param>
      <param name="desiredProtocol">The desired protocol.</param>
      <returns>
      </returns>
            13/07/2010
        </member>
    <member name="M:Cryptware.NSCAPI.IReader.WaitForSmartCardInserted">
      <summary>
            Waits for smart card inserted.
            </summary>
      <returns>
      </returns>
            13/07/2010
        </member>
    <member name="M:Cryptware.NSCAPI.IReader.WaitForSmartCardInserted(System.Int32)">
      <summary>
            Waits for smart card inserted.
            </summary>
      <param name="timeout">The timeout.</param>
      <returns>
      </returns>
            13/07/2010
        </member>
    <member name="M:Cryptware.NSCAPI.IReader.WaitForSmartCardRemoved">
      <summary>
            Waits for smart card removed.
            </summary>
      <returns>
      </returns>
            13/07/2010
        </member>
    <member name="M:Cryptware.NSCAPI.IReader.WaitForSmartCardRemoved(System.Int32)">
      <summary>
            Waits for smart card removed.
            </summary>
      <param name="timeout">The timeout.</param>
      <returns>
      </returns>
            13/07/2010
        </member>
    <member name="P:Cryptware.NSCAPI.IReader.EnableEvents">
      <summary>
            Gets or sets a value indicating whether [enable events].
            </summary>
      <value>
        <c>true</c> if [enable events]; otherwise, <c>false</c>.</value>
            13/07/2010
        </member>
    <member name="P:Cryptware.NSCAPI.IReader.IsSmartCardPresent">
      <summary>
            Gets a value indicating whether this instance is smart card present.
            </summary>
      <value>
        <c>true</c> if this instance is smart card present; otherwise, <c>false</c>.
            </value>
            13/07/2010
        </member>
    <member name="P:Cryptware.NSCAPI.IReader.Name">
      <summary>
            Gets the name.
            </summary>
      <value>The name.</value>
            13/07/2010
        </member>
    <member name="P:Cryptware.NSCAPI.IReader.SmartCard">
      <summary>
            Gets the smart card.
            </summary>
      <value>The smart card.</value>
            13/07/2010
        </member>
    <member name="P:Cryptware.NSCAPI.IReader.State">
      <summary>
            Gets the state.
            </summary>
      <value>The state.</value>
            13/07/2010
        </member>
    <member name="F:Cryptware.NSCAPI.Reader.INFINITE">
      <summary>
            Infinite timeout in WaitForSmartCard events
            </summary>
      <see cref="M:Cryptware.NSCAPI.Reader.WaitForSmartCardInserted(System.Int32)" />
      <see cref="M:Cryptware.NSCAPI.Reader.WaitForSmartCardRemoved(System.Int32)" />
    </member>
    <member name="F:Cryptware.NSCAPI.Reader.WAIT_TIMEOUT">
      <summary>
            Timeout 
            </summary>
      <see cref="M:Cryptware.NSCAPI.Reader.WaitForSmartCardInserted(System.Int32)" />
      <see cref="M:Cryptware.NSCAPI.Reader.WaitForSmartCardRemoved(System.Int32)" />
    </member>
    <member name="F:Cryptware.NSCAPI.Reader.MODE_SHARED">
      <summary>
            The reader is in shared between applications 
            </summary>
    </member>
    <member name="F:Cryptware.NSCAPI.Reader.MODE_EXCLUSIVE">
      <summary>
            The reader is in exclusive and cannot be shared between applications 
            </summary>
    </member>
    <member name="F:Cryptware.NSCAPI.Reader.MODE_DIRECT">
      <summary>
            The reader is access directly
            </summary>
    </member>
    <member name="M:Cryptware.NSCAPI.Reader.Connect">
      <summary>
            Connect to the smart card 
            </summary>
      <remarks>
            Connect to the smart card using default shared mode and default protocol
            </remarks>
    </member>
    <member name="M:Cryptware.NSCAPI.Reader.Connect(System.Int32)">
      <summary>
            Connect to the smart card 
            </summary>
      <remarks>
            Connect to the smart card using the given shared mode and default protocol
            </remarks>
    </member>
    <member name="M:Cryptware.NSCAPI.Reader.Connect(System.Int32,System.Int32)">
      <summary>
            Connect to the smart card 
            </summary>
      <remarks>
            Connect to the smart card using the given shared mode and protocol
            </remarks>
    </member>
    <member name="M:Cryptware.NSCAPI.Reader.WaitForSmartCardInserted">
      <summary>
            Waits for smart card insertion
            </summary>
      <remarks>
            Stops execution and waits for smart card insertion
            </remarks>
    </member>
    <member name="M:Cryptware.NSCAPI.Reader.WaitForSmartCardInserted(System.Int32)">
      <summary>
            Waits for smart card insertion
            </summary>
      <remarks>
            Stops execution and waits for smart card insertion
            </remarks>
    </member>
    <member name="M:Cryptware.NSCAPI.Reader.WaitForSmartCardRemoved">
      <summary>
            Waits for smart card removal
            </summary>
      <remarks>
            Stops execution and waits for smart card removal
            </remarks>
    </member>
    <member name="M:Cryptware.NSCAPI.Reader.WaitForSmartCardRemoved(System.Int32)">
      <summary>
            Waits for smart card removal
            </summary>
      <remarks>
            Stops execution and waits for smart card removal
            </remarks>
    </member>
    <member name="M:Cryptware.NSCAPI.Reader.CancelWaiting">
      <summary>
            Cancel Waiting in WaitForSmartCardEvent function
            </summary>
      <see cref="M:Cryptware.NSCAPI.Reader.WaitForSmartCardInserted(System.Int32)" />
      <see cref="M:Cryptware.NSCAPI.Reader.WaitForSmartCardRemoved(System.Int32)" />
    </member>
    <member name="P:Cryptware.NSCAPI.Reader.Name">
      <summary>
            Reader Name
            </summary>
      <remarks>
            Reader's Name as registered in operating system database
            </remarks>
    </member>
    <member name="P:Cryptware.NSCAPI.Reader.State">
      <summary>
            Reader State
            </summary>
      <remarks>
            Reader's state 
            </remarks>
    </member>
    <member name="P:Cryptware.NSCAPI.Reader.IsSmartCardPresent">
      <summary>
            Check's the presence of the smart card in the reader
            </summary>
      <remarks>
            Check's the presence of the smart card in the reader
            </remarks>
    </member>
    <member name="P:Cryptware.NSCAPI.Reader.SmartCard">
      <summary>
            Returns the connected Smart Card if any or null otherwise 
            </summary>
      <remarks>
            Connect to the smart card using the given shared mode and protocol
            </remarks>
    </member>
    <member name="E:Cryptware.NSCAPI.Reader.OnSmartCardInserted">
      <summary>
            Smart Card Inserted event
            </summary>
    </member>
    <member name="E:Cryptware.NSCAPI.Reader.OnSmartCardRemoved">
      <summary>
            Smart Card Removed event
            </summary>
    </member>
    <member name="P:Cryptware.NSCAPI.Reader.EnableEvents">
      <summary>
            Enable/Disable smart card insertion/removal events
            </summary>
      <remarks>
            Enable/Disable smart card insertion/removal events
            </remarks>
    </member>
    <member name="T:Cryptware.SmartOSAPI.ISmartOSKW">
      <summary>
            SmartOSKW Interface
            </summary>
            13/07/2010
        </member>
    <member name="M:Cryptware.SmartOSAPI.ISmartOSKW.DecreaseBalance(System.Int32)">
      <summary>
            Decreases the balance.
            </summary>
      <param name="amount">The amount.</param>
      <returns>
      </returns>
            13/07/2010
        </member>
    <member name="M:Cryptware.SmartOSAPI.ISmartOSKW.GetBalance">
      <summary>
            Gets the balance.
            </summary>
      <returns>
      </returns>
            13/07/2010
        </member>
    <member name="M:Cryptware.SmartOSAPI.ISmartOSKW.GetBalanceAsLong">
      <summary>
            Gets the balance as long.
            </summary>
      <returns>
      </returns>
            13/07/2010
        </member>
    <member name="M:Cryptware.SmartOSAPI.ISmartOSKW.IncreaseBalance(System.Int32)">
      <summary>
            Increases the balance.
            </summary>
      <param name="amount">The amount.</param>
      <returns>
      </returns>
            13/07/2010
        </member>
    <member name="M:Cryptware.SmartOSAPI.ISmartOSKW.ReadOwnerData(System.Byte,System.Byte,System.Byte)">
      <summary>
            Reads the owner data.
            </summary>
      <param name="hi">The hi.</param>
      <param name="low">The low.</param>
      <param name="len">The len.</param>
      <returns>
      </returns>
            13/07/2010
        </member>
    <member name="M:Cryptware.SmartOSAPI.ISmartOSKW.SetBalance(System.Int32)">
      <summary>
            Sets the balance.
            </summary>
      <param name="balance">The balance.</param>
      <returns>
      </returns>
            13/07/2010
        </member>
    <member name="M:Cryptware.SmartOSAPI.ISmartOSKW.WriteOwnerData(System.Byte,System.Byte,System.Byte[])">
      <summary>
            Writes the owner data.
            </summary>
      <param name="hi">The hi.</param>
      <param name="low">The low.</param>
      <param name="toWrite">To write.</param>
      <returns>
      </returns>
            13/07/2010
        </member>
    <member name="T:Cryptware.SmartOSAPI.ISmartOS">
      <summary>
            SmartOS Interface
            </summary>
            13/07/2010
        </member>
    <member name="M:Cryptware.SmartOSAPI.ISmartOS.ChangeReferenceData(System.Byte,System.String)">
      <summary>
            Changes the reference data.
            </summary>
      <param name="id">The id.</param>
      <param name="pin">The pin.</param>
      <returns>
      </returns>
            13/07/2010
        </member>
    <member name="M:Cryptware.SmartOSAPI.ISmartOS.Format(System.String)">
      <summary>
            Formats the specified key.
            </summary>
      <param name="key">The key.</param>
      <returns>
      </returns>
            13/07/2010
        </member>
    <member name="M:Cryptware.SmartOSAPI.ISmartOS.GetData(System.Byte)">
      <summary>
            Gets the data.
            </summary>
      <param name="mode">The mode.</param>
      <returns>
      </returns>
            13/07/2010
        </member>
    <member name="M:Cryptware.SmartOSAPI.ISmartOS.VerifyPIN(System.Byte,System.String)">
      <summary>
            Verifies the PIN.
            </summary>
      <param name="id">The id.</param>
      <param name="pin">The pin.</param>
      <returns>
      </returns>
            13/07/2010
        </member>
    <member name="P:Cryptware.SmartOSAPI.ISmartOS.SmartCard">
      <summary>
            Gets or sets the smart card.
            </summary>
      <value>The smart card.</value>
            13/07/2010
        </member>
    <member name="T:Cryptware.NSCAPI.IResponseAPDU">
      <summary>
            Response APDU Interface
            </summary>
            13/07/2010
        </member>
    <member name="P:Cryptware.NSCAPI.IResponseAPDU.DATA">
      <summary>
            Gets the DATA.
            </summary>
      <value>The DATA.</value>
            13/07/2010
        </member>
    <member name="P:Cryptware.NSCAPI.IResponseAPDU.Success">
      <summary>
            Gets a value indicating whether this <see cref="T:Cryptware.NSCAPI.IResponseAPDU" /> is success.
            </summary>
      <value>
        <c>true</c> if success; otherwise, <c>false</c>.</value>
            13/07/2010
        </member>
    <member name="P:Cryptware.NSCAPI.IResponseAPDU.SW1">
      <summary>
            Gets the Sw1.
            </summary>
      <value>The Sw1.</value>
            13/07/2010
        </member>
    <member name="P:Cryptware.NSCAPI.IResponseAPDU.SW1SW2">
      <summary>
            Gets the Sw1 Sw2.
            </summary>
      <value>The Sw1 Sw2.</value>
            13/07/2010
        </member>
    <member name="P:Cryptware.NSCAPI.IResponseAPDU.SW2">
      <summary>
            Gets the SW2.
            </summary>
      <value>The SW2.</value>
            13/07/2010
        </member>
    <member name="T:Cryptware.NSCAPI.Readers">
      <summary>
            Implements a list of smart card readers
            </summary>
      <remarks>
            A PC/SC smart card reader is uniquely identified by a name
            </remarks>
    </member>
    <member name="T:Cryptware.NSCAPI.IReaders">
      <summary>
            Readers Interface
            </summary>
            13/07/2010
        </member>
    <member name="M:Cryptware.NSCAPI.IReaders.FindByName(System.String)">
      <summary>
            Finds by the name of the reader.
            </summary>
      <param name="name">The name.</param>
      <returns>
      </returns>
            13/07/2010
        </member>
    <member name="P:Cryptware.NSCAPI.IReaders.EnableEvents">
      <summary>
            Gets or sets a value indicating whether [enable events].
            </summary>
      <value>
        <c>true</c> if [enable events]; otherwise, <c>false</c>.</value>
            13/07/2010
        </member>
    <member name="M:Cryptware.NSCAPI.Readers.FindByName(System.String)">
      <summary>
            Find a smart card reader by its name
            </summary>
    </member>
    <member name="M:Cryptware.NSCAPI.Readers.Add(Cryptware.NSCAPI.Reader)">
      <summary>
            Add an item in this CryptokiCollection object
            </summary>
      <remarks>Add an item in this CryptokiCollection object</remarks>
    </member>
    <member name="M:Cryptware.NSCAPI.Readers.Insert(System.Int32,Cryptware.NSCAPI.Reader)">
      <summary>
             Inserts the given object in this CryptokiCollection object at the given index
             </summary>
      <param name="index">Index where the object must be inserted</param>
      <param name="obj">Object to search for</param>
    </member>
    <member name="M:Cryptware.NSCAPI.Readers.CopyTo(Cryptware.NSCAPI.Reader[],System.Int32)">
      <summary>
             Copies the content of this CryptokiCollection in the given array starting from the given index
             </summary>
      <param name="array">Destination array</param>
      <param name="arrayIndex">Starting index in the destination array</param>
    </member>
    <member name="M:Cryptware.NSCAPI.Readers.GetEnumerator">
      <summary>
            Returns an enumerator that iterates through a collection.
            </summary>
      <returns>
            An <see cref="T:System.Collections.IEnumerator"></see> object that can be used to iterate through the collection.
            </returns>
            12/07/2010
        </member>
    <member name="P:Cryptware.NSCAPI.Readers.Count">
      <summary>
            The number of items in this CryptokiCollection object
            </summary>
      <remarks>Returns the number of items in this CryptokiCollection object</remarks>
    </member>
    <member name="P:Cryptware.NSCAPI.Readers.Item(System.Int32)">
      <summary>
            Gets the specified object
            </summary>
      <remarks>
            Gets the specified object
            </remarks>
      <param name="idx">Index of the object to get</param>
    </member>
    <member name="E:Cryptware.NSCAPI.Readers.OnSmartCardInserted">
      <summary>
            Smart Card Inserted event
            </summary>
    </member>
    <member name="P:Cryptware.NSCAPI.Readers.EnableEvents">
      <summary>
            Enable/Disable smart card insertion events
            </summary>
      <remarks>
            Enable/Disable smart card insertion events
            </remarks>
    </member>
    <member name="T:Cryptware.NSCAPI.ISmartCard">
      <summary>
            SmartCard Interface
            </summary>
            13/07/2010
        </member>
    <member name="M:Cryptware.NSCAPI.ISmartCard.Disconnect(System.Int32)">
      <summary>
            Disconnects the specified mode.
            </summary>
      <param name="mode">The mode.</param>
      <returns>
      </returns>
            03/06/2010
        </member>
    <member name="M:Cryptware.NSCAPI.ISmartCard.Send(Cryptware.NSCAPI.CommandAPDU)">
      <summary>
            Sends the specified apdu.
            </summary>
      <param name="apdu">The apdu.</param>
      <returns>
      </returns>
            03/06/2010
        </member>
    <member name="M:Cryptware.NSCAPI.ISmartCard.SendControl(System.Int32,System.Byte[])">
      <summary>
            Sends the control.
            </summary>
      <param name="controlCode">The control code.</param>
      <param name="lpInBuffer">The lp in buffer.</param>
      <returns>
      </returns>
            03/06/2010
        </member>
    <member name="M:Cryptware.NSCAPI.ISmartCard.WaitForSmartCardRemoved">
      <summary>
            Waits for smart card removed.
            </summary>
      <returns>
      </returns>
            03/06/2010
        </member>
    <member name="M:Cryptware.NSCAPI.ISmartCard.WaitForSmartCardRemoved(System.Int32)">
      <summary>
            Waits for smart card removed.
            </summary>
      <param name="timeout">The timeout.</param>
      <returns>
      </returns>
            03/06/2010
        </member>
    <member name="P:Cryptware.NSCAPI.ISmartCard.ATR">
      <summary>
            Gets the ATR.
            </summary>
      <value>The ATR.</value>
            03/06/2010
        </member>
    <member name="P:Cryptware.NSCAPI.ISmartCard.IsPresent">
      <summary>
            Gets a value indicating whether this instance is present.
            </summary>
      <value>
        <c>true</c> if this instance is present; otherwise, <c>false</c>.
            </value>
            03/06/2010
        </member>
    <member name="P:Cryptware.NSCAPI.ISmartCard.Protocol">
      <summary>
            Gets the protocol.
            </summary>
      <value>The protocol.</value>
            03/06/2010
        </member>
    <member name="P:Cryptware.NSCAPI.ISmartCard.Reader">
      <summary>
            Gets the reader.
            </summary>
      <value>The reader.</value>
            03/06/2010
        </member>
    <member name="P:Cryptware.NSCAPI.ISmartCard.CardHandle">
      <summary>
            Gets or sets the card handle.
            </summary>
      <value>The card handle.</value>
            03/06/2010
        </member>
    <member name="T:Cryptware.SmartOSAPI.ISmartOSK1">
      <summary>
            SmartOSK1 Interface
            </summary>
            13/07/2010
        </member>
    <member name="M:Cryptware.SmartOSAPI.ISmartOSK1.ReadBinary(System.Byte,System.Byte,System.Byte)">
      <summary>
            Reads the binary.
            </summary>
      <param name="hi">The hi.</param>
      <param name="low">The low.</param>
      <param name="len">The len.</param>
      <returns>
      </returns>
            13/07/2010
        </member>
    <member name="M:Cryptware.SmartOSAPI.ISmartOSK1.UpdateBinary(System.Byte,System.Byte,System.Byte[])">
      <summary>
            Updates the binary.
            </summary>
      <param name="hi">The hi.</param>
      <param name="low">The low.</param>
      <param name="toWrite">To write.</param>
      <returns>
      </returns>
            13/07/2010
        </member>
    <member name="T:Cryptware.SmartOSAPI.SmartOS">
      <summary>
            Base class for all SmartOS smart cards
            </summary>
      <remarks>
      </remarks>
    </member>
    <member name="F:Cryptware.SmartOSAPI.SmartOS.MODE_CARDINFO">
      <summary>
            Mode Card Info
            </summary>
      <remarks>
      </remarks>
    </member>
    <member name="F:Cryptware.SmartOSAPI.SmartOS.MODE_CARDID">
      <summary>
            Mode Card id
            </summary>
      <remarks>
      </remarks>
    </member>
    <member name="F:Cryptware.SmartOSAPI.SmartOS.MODE_CARDLIFECYCLE">
      <summary>
            Mode Card Life cycle
            </summary>
      <remarks>
      </remarks>
    </member>
    <member name="F:Cryptware.SmartOSAPI.SmartOS.MODE_FORMAT_KEY_ERR_COUNT">
      <summary>
            Mode Card Format Key error counter
            </summary>
      <remarks>
      </remarks>
    </member>
    <member name="F:Cryptware.SmartOSAPI.SmartOS.LIFECYCLE_UNFORMATTED">
      <summary>
            Lifecycle unformatted
            </summary>
      <remarks>
      </remarks>
    </member>
    <member name="F:Cryptware.SmartOSAPI.SmartOS.LIFECYCLE_FORMATTED">
      <summary>
            Lifecycle formatted
            </summary>
      <remarks>
      </remarks>
    </member>
    <member name="M:Cryptware.SmartOSAPI.SmartOS.#ctor(Cryptware.NSCAPI.SmartCard)">
      <summary>
            Constructor
            </summary>
      <remarks>
            Construct a SmartOS object
            </remarks>
      <param name="sc">
            SmartCard object used to send commands
            </param>
    </member>
    <member name="M:Cryptware.SmartOSAPI.SmartOS.Format(System.String)">
      <summary>
            Format Command
            </summary>
      <remarks>
            Sends a Format Command APDU with specified key
            </remarks>
      <param name="key">
            Format Key (must be 10 bytes long)
            </param>
    </member>
    <member name="M:Cryptware.SmartOSAPI.SmartOS.GetData(System.Byte)">
      <summary>
            GetData Command
            </summary>
      <remarks>
            Sends a Get Data Command APDU with specified mode
            </remarks>
      <param name="mode">
            Mode value 
            <value>
            MODE_CARDINFO Info about the card
            MODE_CARDID Card's unique ID
            MODE_CARDLIFECYCLE Card's life cycle
            </value></param>
    </member>
    <member name="M:Cryptware.SmartOSAPI.SmartOS.VerifyPIN(System.Byte,System.String)">
      <summary>
            VerifyPIN Command
            </summary>
      <remarks>
            Sends a Verify PIN Command APDU with specified pin
            </remarks>
      <param name="id">
            For SmartOS K1 and KW ID is 0 for PIN, 1 for PUK
            For SmartOS K2 ID is related to a Security Data Object created before
            </param>
      <param name="pin">
            pin value        
            </param>
    </member>
    <member name="M:Cryptware.SmartOSAPI.SmartOS.ChangeReferenceData(System.Byte,System.String)">
      <summary>
            ChangeReferenceData Command
            </summary>
      <remarks>
            Sends a Change Reference Data Command APDU with specified pin
            </remarks>
      <param name="id">
            For SmartOS K1 and KW ID is 0 for PIN, 1 for PUK
            For SmartOS K2 ID is related to a Security Data Object created before
            </param>
      <param name="pin">
            new pin value        
            </param>
    </member>
    <member name="P:Cryptware.SmartOSAPI.SmartOS.SmartCard">
      <summary>
            Gets or sets the smart card.
            </summary>
      <value>The smart card.</value>
            13/07/2010
        </member>
    <member name="T:Cryptware.NSCAPI.PCSCException">
      <summary>
            Smart Card related Exception
            </summary>
            31/05/2010
        </member>
    <member name="F:Cryptware.NSCAPI.PCSCException.SCARD_S_SUCCESS">
             =============================
             Facility SCARD Error Messages
             =============================
            
        </member>
    <member name="F:Cryptware.NSCAPI.PCSCException.SCARD_F_INTERNAL_ERROR">
      <summary>
            MessageId: SCARD_F_INTERNAL_ERROR
            
             MessageText:
            
              An internal consistency check failed.
            
            </summary>
    </member>
    <member name="F:Cryptware.NSCAPI.PCSCException.SCARD_E_CANCELLED">
      <summary>MessageId: SCARD_E_CANCELLED
            
             MessageText:
            
              The action was cancelled by an SCardCancel request.
            
            </summary>
    </member>
    <member name="F:Cryptware.NSCAPI.PCSCException.SCARD_E_INVALID_HANDLE">
      <summary>MessageId: SCARD_E_INVALID_HANDLE
            
             MessageText:
            
              The supplied handle was invalid.
            
            </summary>
    </member>
    <member name="F:Cryptware.NSCAPI.PCSCException.SCARD_E_INVALID_PARAMETER">
      <summary>MessageId: SCARD_E_INVALID_PARAMETER
            
             MessageText:
            
              One or more of the supplied parameters could not be properly interpreted.
            
            </summary>
    </member>
    <member name="F:Cryptware.NSCAPI.PCSCException.SCARD_E_INVALID_TARGET">
      <summary>MessageId: SCARD_E_INVALID_TARGET
            
             MessageText:
            
              Registry startup information is missing or invalid.
            
            </summary>
    </member>
    <member name="F:Cryptware.NSCAPI.PCSCException.SCARD_E_NO_MEMORY">
      <summary>MessageId: SCARD_E_NO_MEMORY
            
             MessageText:
            
              Not enough memory available to complete this command.
            
            </summary>
    </member>
    <member name="F:Cryptware.NSCAPI.PCSCException.SCARD_F_WAITED_TOO_LONG">
      <summary>MessageId: SCARD_F_WAITED_TOO_LONG
            
             MessageText:
            
              An internal consistency timer has expired.
            
            </summary>
    </member>
    <member name="F:Cryptware.NSCAPI.PCSCException.SCARD_E_INSUFFICIENT_BUFFER">
      <summary>MessageId: SCARD_E_INSUFFICIENT_BUFFER
            
             MessageText:
            
              The data buffer to receive returned data is too small for the returned data.
            
            </summary>
    </member>
    <member name="F:Cryptware.NSCAPI.PCSCException.SCARD_E_UNKNOWN_READER">
      <summary>MessageId: SCARD_E_UNKNOWN_READER
            
             MessageText:
            
              The specified reader name is not recognized.
            
            </summary>
    </member>
    <member name="F:Cryptware.NSCAPI.PCSCException.SCARD_E_TIMEOUT">
      <summary>MessageId: SCARD_E_TIMEOUT
            
             MessageText:
            
              The user-specified timeout value has expired.
            
            </summary>
    </member>
    <member name="F:Cryptware.NSCAPI.PCSCException.SCARD_E_SHARING_VIOLATION">
      <summary>MessageId: SCARD_E_SHARING_VIOLATION
            
             MessageText:
            
              The smart card cannot be accessed because of other connections outstanding.
            
            </summary>
    </member>
    <member name="F:Cryptware.NSCAPI.PCSCException.SCARD_E_NO_SMARTCARD">
      <summary>MessageId: SCARD_E_NO_SMARTCARD
            
             MessageText:
            
              The operation requires a Smart Card, but no Smart Card is currently in the device.
            
            </summary>
    </member>
    <member name="F:Cryptware.NSCAPI.PCSCException.SCARD_E_UNKNOWN_CARD">
      <summary>MessageId: SCARD_E_UNKNOWN_CARD
            
             MessageText:
            
              The specified smart card name is not recognized.
            
            </summary>
    </member>
    <member name="F:Cryptware.NSCAPI.PCSCException.SCARD_E_CANT_DISPOSE">
      <summary>MessageId: SCARD_E_CANT_DISPOSE
            
             MessageText:
            
              The system could not dispose of the media in the requested manner.
            
            </summary>
    </member>
    <member name="F:Cryptware.NSCAPI.PCSCException.SCARD_E_PROTO_MISMATCH">
      <summary>MessageId: SCARD_E_PROTO_MISMATCH
            
             MessageText:
            
              The requested protocols are incompatible with the protocol currently in use with the smart card.
            
            </summary>
    </member>
    <member name="F:Cryptware.NSCAPI.PCSCException.SCARD_E_NOT_READY">
      <summary>MessageId: SCARD_E_NOT_READY
            
             MessageText:
            
              The reader or smart card is not ready to accept commands.
            
            </summary>
    </member>
    <member name="F:Cryptware.NSCAPI.PCSCException.SCARD_E_INVALID_VALUE">
      <summary>MessageId: SCARD_E_INVALID_VALUE
            
             MessageText:
            
              One or more of the supplied parameters values could not be properly interpreted.
            
            </summary>
    </member>
    <member name="F:Cryptware.NSCAPI.PCSCException.SCARD_E_SYSTEM_CANCELLED">
      <summary>MessageId: SCARD_E_SYSTEM_CANCELLED
            
             MessageText:
            
              The action was cancelled by the system, presumably to log off or shut down.
            
            </summary>
    </member>
    <member name="F:Cryptware.NSCAPI.PCSCException.SCARD_F_COMM_ERROR">
      <summary>MessageId: SCARD_F_COMM_ERROR
            
             MessageText:
            
              An internal communications error has been detected.
            
            </summary>
    </member>
    <member name="F:Cryptware.NSCAPI.PCSCException.SCARD_F_UNKNOWN_ERROR">
      <summary>MessageId: SCARD_F_UNKNOWN_ERROR
            
             MessageText:
            
              An internal error has been detected, but the source is unknown.
            
            </summary>
    </member>
    <member name="F:Cryptware.NSCAPI.PCSCException.SCARD_E_INVALID_ATR">
      <summary>MessageId: SCARD_E_INVALID_ATR
            
             MessageText:
            
              An ATR obtained from the registry is not a valid ATR string.
            
            </summary>
    </member>
    <member name="F:Cryptware.NSCAPI.PCSCException.SCARD_E_NOT_TRANSACTED">
      <summary>MessageId: SCARD_E_NOT_TRANSACTED
            
             MessageText:
            
              An attempt was made to end a non-existent transaction.
            
            </summary>
    </member>
    <member name="F:Cryptware.NSCAPI.PCSCException.SCARD_E_READER_UNAVAILABLE">
      <summary>MessageId: SCARD_E_READER_UNAVAILABLE
            
             MessageText:
            
              The specified reader is not currently available for use.
            
            </summary>
    </member>
    <member name="F:Cryptware.NSCAPI.PCSCException.SCARD_P_SHUTDOWN">
      <summary>MessageId: SCARD_P_SHUTDOWN
            
             MessageText:
            
              The operation has been aborted to allow the server application to exit.
            
            </summary>
    </member>
    <member name="F:Cryptware.NSCAPI.PCSCException.SCARD_E_PCI_TOO_SMALL">
      <summary>MessageId: SCARD_E_PCI_TOO_SMALL
            
             MessageText:
            
              The PCI Receive buffer was too small.
            
            </summary>
    </member>
    <member name="F:Cryptware.NSCAPI.PCSCException.SCARD_E_READER_UNSUPPORTED">
      <summary>MessageId: SCARD_E_READER_UNSUPPORTED
            
             MessageText:
            
              The reader driver does not meet minimal requirements for support.
            
            </summary>
    </member>
    <member name="F:Cryptware.NSCAPI.PCSCException.SCARD_E_DUPLICATE_READER">
      <summary>MessageId: SCARD_E_DUPLICATE_READER
            
             MessageText:
            
              The reader driver did not produce a unique reader name.
            
            </summary>
    </member>
    <member name="F:Cryptware.NSCAPI.PCSCException.SCARD_E_CARD_UNSUPPORTED">
      <summary>MessageId: SCARD_E_CARD_UNSUPPORTED
            
             MessageText:
            
              The smart card does not meet minimal requirements for support.
            
            </summary>
    </member>
    <member name="F:Cryptware.NSCAPI.PCSCException.SCARD_E_NO_SERVICE">
      <summary>MessageId: SCARD_E_NO_SERVICE
            
             MessageText:
            
              The Smart card resource manager is not running.
            
            </summary>
    </member>
    <member name="F:Cryptware.NSCAPI.PCSCException.SCARD_E_SERVICE_STOPPED">
      <summary>MessageId: SCARD_E_SERVICE_STOPPED
            
             MessageText:
            
              The Smart card resource manager has shut down.
            
            </summary>
    </member>
    <member name="F:Cryptware.NSCAPI.PCSCException.SCARD_E_UNEXPECTED">
      <summary>MessageId: SCARD_E_UNEXPECTED
            
             MessageText:
            
              An unexpected card error has occurred.
            
            </summary>
    </member>
    <member name="F:Cryptware.NSCAPI.PCSCException.SCARD_E_ICC_INSTALLATION">
      <summary>MessageId: SCARD_E_ICC_INSTALLATION
            
             MessageText:
            
              No Primary Provider can be found for the smart card.
            
            </summary>
    </member>
    <member name="F:Cryptware.NSCAPI.PCSCException.SCARD_E_ICC_CREATEORDER">
      <summary>MessageId: SCARD_E_ICC_CREATEORDER
            
             MessageText:
            
              The requested order of object creation is not supported.
            
            </summary>
    </member>
    <member name="F:Cryptware.NSCAPI.PCSCException.SCARD_E_UNSUPPORTED_FEATURE">
      <summary>MessageId: SCARD_E_UNSUPPORTED_FEATURE
            
             MessageText:
            
              This smart card does not support the requested feature.
            
            </summary>
    </member>
    <member name="F:Cryptware.NSCAPI.PCSCException.SCARD_E_DIR_NOT_FOUND">
      <summary>MessageId: SCARD_E_DIR_NOT_FOUND
            
             MessageText:
            
              The identified directory does not exist in the smart card.
            
            </summary>
    </member>
    <member name="F:Cryptware.NSCAPI.PCSCException.SCARD_E_FILE_NOT_FOUND">
      <summary>MessageId: SCARD_E_FILE_NOT_FOUND
            
             MessageText:
            
              The identified file does not exist in the smart card.
            
            </summary>
    </member>
    <member name="F:Cryptware.NSCAPI.PCSCException.SCARD_E_NO_DIR">
      <summary>MessageId: SCARD_E_NO_DIR
            
             MessageText:
            
              The supplied path does not represent a smart card directory.
            
            </summary>
    </member>
    <member name="F:Cryptware.NSCAPI.PCSCException.SCARD_E_NO_FILE">
      <summary>MessageId: SCARD_E_NO_FILE
            
             MessageText:
            
              The supplied path does not represent a smart card file.
            
            </summary>
    </member>
    <member name="F:Cryptware.NSCAPI.PCSCException.SCARD_E_NO_ACCESS">
      <summary>MessageId: SCARD_E_NO_ACCESS
            
             MessageText:
            
              Access is denied to this file.
            
            </summary>
    </member>
    <member name="F:Cryptware.NSCAPI.PCSCException.SCARD_E_WRITE_TOO_MANY">
      <summary>MessageId: SCARD_E_WRITE_TOO_MANY
            
             MessageText:
            
              The smartcard does not have enough memory to store the information.
            
            </summary>
    </member>
    <member name="F:Cryptware.NSCAPI.PCSCException.SCARD_E_BAD_SEEK">
      <summary>MessageId: SCARD_E_BAD_SEEK
            
             MessageText:
            
              There was an error trying to set the smart card file object pointer.
            
            </summary>
    </member>
    <member name="F:Cryptware.NSCAPI.PCSCException.SCARD_E_INVALID_CHV">
      <summary>MessageId: SCARD_E_INVALID_CHV
            
             MessageText:
            
              The supplied PIN is incorrect.
            
            </summary>
    </member>
    <member name="F:Cryptware.NSCAPI.PCSCException.SCARD_E_UNKNOWN_RES_MNG">
      <summary>MessageId: SCARD_E_UNKNOWN_RES_MNG
            
             MessageText:
            
              An unrecognized error code was returned from a layered component.
            
            </summary>
    </member>
    <member name="F:Cryptware.NSCAPI.PCSCException.SCARD_E_NO_SUCH_CERTIFICATE">
      <summary>MessageId: SCARD_E_NO_SUCH_CERTIFICATE
            
             MessageText:
            
              The requested certificate does not exist.
            
            </summary>
    </member>
    <member name="F:Cryptware.NSCAPI.PCSCException.SCARD_E_CERTIFICATE_UNAVAILABLE">
      <summary>MessageId: SCARD_E_CERTIFICATE_UNAVAILABLE
            
             MessageText:
            
              The requested certificate could not be obtained.
            
            </summary>
    </member>
    <member name="F:Cryptware.NSCAPI.PCSCException.SCARD_E_NO_READERS_AVAILABLE">
      <summary>MessageId: SCARD_E_NO_READERS_AVAILABLE
            
             MessageText:
            
              Cannot find a smart card reader.
            
            </summary>
    </member>
    <member name="F:Cryptware.NSCAPI.PCSCException.SCARD_E_COMM_DATA_LOST">
      <summary>MessageId: SCARD_E_COMM_DATA_LOST
            
             MessageText:
            
              A communications error with the smart card has been detected.  Retry the operation.
            
            </summary>
    </member>
    <member name="F:Cryptware.NSCAPI.PCSCException.SCARD_E_NO_KEY_CONTAINER">
      <summary>MessageId: SCARD_E_NO_KEY_CONTAINER
            
             MessageText:
            
              The requested key container does not exist on the smart card.
            
            </summary>
    </member>
    <member name="F:Cryptware.NSCAPI.PCSCException.SCARD_E_SERVER_TOO_BUSY">
      <summary>MessageId: SCARD_E_SERVER_TOO_BUSY
            
             MessageText:
            
              The Smart card resource manager is too busy to complete this operation.
            
            </summary>
    </member>
    <member name="F:Cryptware.NSCAPI.PCSCException.SCARD_W_UNSUPPORTED_CARD">
            
             These are warning codes.
            
            
            <summary>MessageId: SCARD_W_UNSUPPORTED_CARD
            
             MessageText:
            
              The reader cannot communicate with the smart card, due to ATR configuration conflicts.
            
            </summary></member>
    <member name="F:Cryptware.NSCAPI.PCSCException.SCARD_W_UNRESPONSIVE_CARD">
      <summary>MessageId: SCARD_W_UNRESPONSIVE_CARD
            
             MessageText:
            
              The smart card is not responding to a reset.
            
            </summary>
    </member>
    <member name="F:Cryptware.NSCAPI.PCSCException.SCARD_W_UNPOWERED_CARD">
      <summary>MessageId: SCARD_W_UNPOWERED_CARD
            
             MessageText:
            
              Power has been removed from the smart card, so that further communication is not possible.
            
            </summary>
    </member>
    <member name="F:Cryptware.NSCAPI.PCSCException.SCARD_W_RESET_CARD">
      <summary>MessageId: SCARD_W_RESET_CARD
            
             MessageText:
            
              The smart card has been reset, so any shared state information is invalid.
            
            </summary>
    </member>
    <member name="F:Cryptware.NSCAPI.PCSCException.SCARD_W_REMOVED_CARD">
      <summary>MessageId: SCARD_W_REMOVED_CARD
            
             MessageText:
            
              The smart card has been removed, so that further communication is not possible.
            
            </summary>
    </member>
    <member name="F:Cryptware.NSCAPI.PCSCException.SCARD_W_SECURITY_VIOLATION">
      <summary>MessageId: SCARD_W_SECURITY_VIOLATION
            
             MessageText:
            
              Access was denied because of a security violation.
            
            </summary>
    </member>
    <member name="F:Cryptware.NSCAPI.PCSCException.SCARD_W_WRONG_CHV">
      <summary>MessageId: SCARD_W_WRONG_CHV
            
             MessageText:
            
              The card cannot be accessed because the wrong PIN was presented.
            
            </summary>
    </member>
    <member name="F:Cryptware.NSCAPI.PCSCException.SCARD_W_CHV_BLOCKED">
      <summary>MessageId: SCARD_W_CHV_BLOCKED
            
             MessageText:
            
              The card cannot be accessed because the maximum number of PIN entry attempts has been reached.
            
            </summary>
    </member>
    <member name="F:Cryptware.NSCAPI.PCSCException.SCARD_W_EOF">
      <summary>MessageId: SCARD_W_EOF
            
             MessageText:
            
              The end of the smart card file has been reached.
            
            </summary>
    </member>
    <member name="F:Cryptware.NSCAPI.PCSCException.SCARD_W_CANCELLED_BY_USER">
      <summary>MessageId: SCARD_W_CANCELLED_BY_USER
            
             MessageText:
            
              The action was cancelled by the user.
            
            </summary>
    </member>
    <member name="F:Cryptware.NSCAPI.PCSCException.SCARD_W_CARD_NOT_AUTHENTICATED">
      <summary>MessageId: SCARD_W_CARD_NOT_AUTHENTICATED
            
             MessageText:
            
              No PIN was presented to the smart card.
            
            </summary>
    </member>
    <member name="F:Cryptware.NSCAPI.PCSCException.WAIT_TIMEOUT">
      <summary>
            WAIT_TIMEOUT
            </summary>
    </member>
    <member name="M:Cryptware.NSCAPI.PCSCException.#ctor(System.Int32)">
      <summary>
            Initializes a new instance of the <see cref="T:Cryptware.NSCAPI.PCSCException" /> class.
            </summary>
      <param name="nErr">The error number.</param>
            31/05/2010
        </member>
    <member name="P:Cryptware.NSCAPI.PCSCException.ErrorCode">
      <summary>
            Gets the error code.
            </summary>
      <value>The error code.</value>
            31/05/2010
        </member>
    <member name="T:Cryptware.NCardOSAPI.ICardOS">
      <summary>
            CardOS Interface
            </summary>
            13/07/2010
        </member>
    <member name="M:Cryptware.NCardOSAPI.ICardOS.ChangeReferenceData(System.Byte,System.String)">
      <summary>
            Changes the reference data.
            </summary>
      <param name="id">The id.</param>
      <param name="pin">The pin.</param>
      <returns>
      </returns>
            13/07/2010
        </member>
    <member name="M:Cryptware.NCardOSAPI.ICardOS.ChangeReferenceData(System.Byte,System.String,System.String)">
      <summary>
            Changes the reference data.
            </summary>
      <param name="id">The id.</param>
      <param name="oldpin">The oldpin.</param>
      <param name="newpin">The newpin.</param>
      <returns>
      </returns>
            13/07/2010
        </member>
    <member name="M:Cryptware.NCardOSAPI.ICardOS.ReadBinary(System.Int32)">
      <summary>
            Reads the binary.
            </summary>
      <param name="toRead">To read.</param>
      <returns>
      </returns>
            13/07/2010
        </member>
    <member name="M:Cryptware.NCardOSAPI.ICardOS.ReadBinary(System.Byte,System.Byte,System.Byte)">
      <summary>
            Reads the binary.
            </summary>
      <param name="hi">The hi.</param>
      <param name="low">The low.</param>
      <param name="len">The len.</param>
      <returns>
      </returns>
            13/07/2010
        </member>
    <member name="M:Cryptware.NCardOSAPI.ICardOS.SelectFile(System.Byte,System.String)">
      <summary>
            Selects the file.
            </summary>
      <param name="mode">The mode.</param>
      <param name="path">The path.</param>
      <returns>
      </returns>
            13/07/2010
        </member>
    <member name="M:Cryptware.NCardOSAPI.ICardOS.UpdateBinary(System.Byte,System.Byte,System.Byte[],System.Int16,System.Byte)">
      <summary>
            Updates the binary.
            </summary>
      <param name="hi">The hi.</param>
      <param name="low">The low.</param>
      <param name="toWrite">To write.</param>
      <param name="offset">The offset.</param>
      <param name="len">The len.</param>
      <returns>
      </returns>
            13/07/2010
        </member>
    <member name="M:Cryptware.NCardOSAPI.ICardOS.UpdateBinary(System.Int16,System.Int16,System.Byte[])">
      <summary>
            Updates the binary.
            </summary>
      <param name="hi">The hi.</param>
      <param name="low">The low.</param>
      <param name="toWrite">To write.</param>
      <returns>
      </returns>
            13/07/2010
        </member>
    <member name="M:Cryptware.NCardOSAPI.ICardOS.VerifyPIN(System.Byte,System.String)">
      <summary>
            Verifies the PIN.
            </summary>
      <param name="id">The id.</param>
      <param name="pin">The pin.</param>
      <returns>
      </returns>
            13/07/2010
        </member>
    <member name="P:Cryptware.NCardOSAPI.ICardOS.SmartCard">
      <summary>
            Gets or sets the smart card.
            </summary>
      <value>The smart card.</value>
            13/07/2010
        </member>
    <member name="T:Cryptware.NSCAPI.ICommandAPDU">
      <summary>
            Command APDU Interface
            </summary>
            13/07/2010
        </member>
    <member name="P:Cryptware.NSCAPI.ICommandAPDU.CLA">
      <summary>
            Gets or sets the CLA.
            </summary>
      <value>The CLA.</value>
            13/07/2010
        </member>
    <member name="P:Cryptware.NSCAPI.ICommandAPDU.DATA">
      <summary>
            Gets or sets the DATA.
            </summary>
      <value>The DATA.</value>
            13/07/2010
        </member>
    <member name="P:Cryptware.NSCAPI.ICommandAPDU.INS">
      <summary>
            Gets or sets the INS.
            </summary>
      <value>The INS.</value>
            13/07/2010
        </member>
    <member name="P:Cryptware.NSCAPI.ICommandAPDU.LC">
      <summary>
            Gets or sets the LC.
            </summary>
      <value>The LC.</value>
            13/07/2010
        </member>
    <member name="P:Cryptware.NSCAPI.ICommandAPDU.LE">
      <summary>
            Gets or sets the LE.
            </summary>
      <value>The LE.</value>
            13/07/2010
        </member>
    <member name="P:Cryptware.NSCAPI.ICommandAPDU.P1">
      <summary>
            Gets or sets the p1.
            </summary>
      <value>The p1.</value>
            13/07/2010
        </member>
    <member name="P:Cryptware.NSCAPI.ICommandAPDU.P2">
      <summary>
            Gets or sets the p2.
            </summary>
      <value>The p2.</value>
            13/07/2010
        </member>
    <member name="P:Cryptware.NSCAPI.ICommandAPDU.P3">
      <summary>
            Gets or sets the p3.
            </summary>
      <value>The p3.</value>
            13/07/2010
        </member>
    <member name="T:Cryptware.NSCAPI.CommandAPDU">
      <summary>
            Implements an APDU Command
            </summary>
      <remarks>
            A smart card command is encoded in a Command APDU.<br />
            A T = 1 Command APDU is similar to a record made by seven fields, each one 8-bit length: CLA (Class), INS ( INS (Class Instruction), P1 (Parameter 1), P2 (Parameter 2 ), LC (Length of the Command), DATA (Command DATA), LE (Length of Expected). The first four fields represent a mandatory header specifying a particular command, the three remaining fields identify an optional body containing eventual input parameters. The CLA byte indicates the class to which the command belongs (that is in which section of ISO 7816 standard defines the command or if it is included in a proprietary set of commands) and the submission mode (normal or SM). The INS field individuates a command inside the class specified by CLA. P1 and P2 are both additional parameters specific to a particular command. The LC field holds the length of the following DATA field (though, it could be omitted if there is no DATA field). DATA contains all data being processed via the command (for example, data being written in a file). Finally, LE specifies the response’s expected length sent by the microchip for the command. <br />
            A T = 0 Command APDU is a bit different from the T = 1 ones. T = 0 splits commands APDUs in APDUs for writing and for reading (differently from T = 1 where an APDU can write data and receive response data at the same time). In other words a T = 0 a command APDU which writes data cannot receive response data other than the status words (see next paragraph). <br />
            A T = 0 Command APDU has CLA, INS, P1 and P2 but defines P3 as the length of DATA field if it is a writing APDU (i.e. the purpose of the command is to send something to the smart card; it stands for LC) or as the length of the expected response if it is a reading APDU (i.e. the purpose of the command is to read something from the smart card; it stands for LE).<br />
            Each APDU Command is executed by the smart card operating system and affects the currently selected EF or Dedicated File (at startup Master File is automatically selected). 
            </remarks>
    </member>
    <member name="M:Cryptware.NSCAPI.CommandAPDU.#ctor">
      <summary>
            Default Constructor
            </summary>
    </member>
    <member name="M:Cryptware.NSCAPI.CommandAPDU.#ctor(System.Byte,System.Byte,System.Byte,System.Byte)">
      <summary>
            Constructor for simple APDU with LC/P3 = 0 and LE = 0
            </summary>
    </member>
    <member name="M:Cryptware.NSCAPI.CommandAPDU.#ctor(System.Byte,System.Byte,System.Byte,System.Byte,System.Byte)">
      <summary>
            Constructor for T=0 APDU
            </summary>
    </member>
    <member name="M:Cryptware.NSCAPI.CommandAPDU.#ctor(System.Byte,System.Byte,System.Byte,System.Byte,System.Byte,System.Byte[])">
      <summary>
            Constructor
            </summary>
    </member>
    <member name="M:Cryptware.NSCAPI.CommandAPDU.#ctor(System.Byte,System.Byte,System.Byte,System.Byte,System.Byte,System.Byte[],System.Byte)">
      <summary>
            Constructor
            </summary>
    </member>
    <member name="M:Cryptware.NSCAPI.CommandAPDU.SetData(System.Byte[])">
            @param data
        </member>
    <member name="M:Cryptware.NSCAPI.CommandAPDU.SetData(System.Byte[],System.Int32,System.Byte)">
            @param data
            @param offset
            @param len
        </member>
    <member name="P:Cryptware.NSCAPI.CommandAPDU.CLA">
      <summary>
            CLA
            </summary>
      <remarks>
      </remarks>
    </member>
    <member name="P:Cryptware.NSCAPI.CommandAPDU.INS">
      <summary>
            INS
            </summary>
      <remarks>
      </remarks>
    </member>
    <member name="P:Cryptware.NSCAPI.CommandAPDU.P1">
      <summary>
            P1
            </summary>
      <remarks>
      </remarks>
    </member>
    <member name="P:Cryptware.NSCAPI.CommandAPDU.P2">
      <summary>
            P2
            </summary>
      <remarks>
      </remarks>
    </member>
    <member name="P:Cryptware.NSCAPI.CommandAPDU.P3">
      <summary>
            P3
            </summary>
      <remarks>
      </remarks>
    </member>
    <member name="P:Cryptware.NSCAPI.CommandAPDU.LC">
      <summary>
            LC
            </summary>
      <remarks>
      </remarks>
    </member>
    <member name="P:Cryptware.NSCAPI.CommandAPDU.LE">
      <summary>
            LE
            </summary>
      <remarks>
      </remarks>
    </member>
    <member name="P:Cryptware.NSCAPI.CommandAPDU.DATA">
      <summary>
            DATA
            </summary>
      <remarks>
      </remarks>
    </member>
    <member name="P:Cryptware.NSCAPI.CommandAPDU.APDU">
      <summary>
            Gets the APDU.
            </summary>
      <value>The APDU.</value>
            12/07/2010
        </member>
    <member name="T:Cryptware.SmartOSAPI.SmartOSKW">
      <summary>
            Class for SmartOSK1 smart cards
            </summary>
      <remarks>
      </remarks>
    </member>
    <member name="F:Cryptware.SmartOSAPI.SmartOSKW.USER_PIN">
      <summary>
            User PIN
            </summary>
      <remarks>
      </remarks>
    </member>
    <member name="F:Cryptware.SmartOSAPI.SmartOSKW.ADMIN_PIN">
      <summary>
            Admin PIN
            </summary>
      <remarks>
      </remarks>
    </member>
    <member name="F:Cryptware.SmartOSAPI.SmartOSKW.MODE_FORMAT_USER_PIN_ERR_COUNT">
      <summary>
            Mode Card User PIN error counter
            </summary>
      <remarks>
      </remarks>
    </member>
    <member name="F:Cryptware.SmartOSAPI.SmartOSKW.MODE_FORMAT_ADMIN_PIN_ERR_COUNT">
      <summary>
            Mode Card Admin PIN error counter
            </summary>
      <remarks>
      </remarks>
    </member>
    <member name="M:Cryptware.SmartOSAPI.SmartOSKW.#ctor(Cryptware.NSCAPI.SmartCard)">
      <summary>
            Constructor
            </summary>
    </member>
    <member name="M:Cryptware.SmartOSAPI.SmartOSKW.ReadOwnerData(System.Byte,System.Byte,System.Byte)">
      <summary>
            ReadOwnerData Command
            </summary>
      <remarks>
            Sends a Read Owner Data Command APDU with specified offset
            </remarks>
      <param name="hi">
            offset hi byte (always 00)
            </param>
      <param name="low">
            offset low byte        
            </param>
      <param name="len">
            number of byte to read        
            </param>
    </member>
    <member name="M:Cryptware.SmartOSAPI.SmartOSKW.WriteOwnerData(System.Byte,System.Byte,System.Byte[])">
      <summary>
            WriteOwnerData Command
            </summary>
      <remarks>
            Sends a Write Owner Data Command APDU with specified offset and data
            </remarks>
      <param name="hi">
            offset hi byte (always 00)  
            </param>
      <param name="low">
            offset low byte        
            </param>
      <param name="toWrite">
            bytes to write
            </param>
    </member>
    <member name="M:Cryptware.SmartOSAPI.SmartOSKW.SetBalance(System.Int32)">
      <summary>
            SetBalance Command
            </summary>
      <remarks>
            Set the balance to the specified value
            </remarks>
      <param name="balance">
            balance to set
            </param>
    </member>
    <member name="M:Cryptware.SmartOSAPI.SmartOSKW.GetBalance">
      <summary>
            GetBalance Command
            </summary>
      <remarks>
            Get the balance 
            </remarks>
    </member>
    <member name="M:Cryptware.SmartOSAPI.SmartOSKW.GetBalanceAsLong">
      <summary>
            Gets the balance as long.
            </summary>
      <returns>The balance as long</returns>
            08/06/2010
        </member>
    <member name="M:Cryptware.SmartOSAPI.SmartOSKW.IncreaseBalance(System.Int32)">
      <summary>
            IncreaseBalance Command
            </summary>
      <remarks>
            Increase the balance by the specified value
            </remarks>
      <param name="amount">
            amount to add
            </param>
    </member>
    <member name="M:Cryptware.SmartOSAPI.SmartOSKW.DecreaseBalance(System.Int32)">
      <summary>
            DecreaseBalance Command
            </summary>
      <remarks>
            Decrease the balance by the specified value
            </remarks>
      <param name="amount">
            amount to subtract
            </param>
    </member>
    <member name="T:Cryptware.NSCAPI.SmartCardException">
      <summary>
            SmartCardException
            </summary>
            12/07/2010
        </member>
    <member name="M:Cryptware.NSCAPI.SmartCardException.#ctor(System.Int16)">
      <summary>
            Initializes a new instance of the <see cref="M:Cryptware.NSCAPI.SmartCardException.#ctor(System.Int16)" /> class.
            </summary>
      <param name="sw1sw2">The SW1SW2.</param>
    </member>
    <member name="M:Cryptware.NSCAPI.SmartCardException.getSW1SW2">
      <summary>
            Gets the SW1SW2.
            </summary>
      <returns>
      </returns>
            10/07/2010
        </member>
    <member name="T:Cryptware.NSCAPI.ResponseAPDU">
      <summary>
            Implements an APDU Response
            </summary>
      <remarks>
            The response from the smart card after a command is codified in a Response APDU. 
            The response APDU is composed by an optional DATA field followed by two mandatory bytes, SW1 (Status Word 1) and SW2 (Status Word 2), called Status Words.
            SW1 and SW2 hold the final processing status which specifies a successful processing or an error if one has occurred. 
            Specifically, SW1 = 0x90 and e SW2 = 0x00 indicate a successful command. 
            In that case the DATA field contains the response of the processing (if any, depending on the command). 
            If the response to a command contains more bytes than what is expected (i.e. it is longer than the value specified on LE field) 
            SW1 is set to 0x91 or to 0x61 and SW2 is set to the number of bytes still available. 
            Other values for SW1/SW2 indicate an error condition as defined by Part 4 of the standard.
            </remarks>
    </member>
    <member name="P:Cryptware.NSCAPI.ResponseAPDU.DATA">
      <summary>
            DATA field
            </summary>
    </member>
    <member name="P:Cryptware.NSCAPI.ResponseAPDU.SW1">
      <summary>
            Status Word 1
            </summary>
    </member>
    <member name="P:Cryptware.NSCAPI.ResponseAPDU.SW2">
      <summary>
            Status Word 2
            </summary>
    </member>
    <member name="P:Cryptware.NSCAPI.ResponseAPDU.SW1SW2">
      <summary>
            Status Word SW1SW2
            </summary>
    </member>
    <member name="P:Cryptware.NSCAPI.ResponseAPDU.Success">
      <summary>
            Check success
            </summary>
    </member>
    <member name="T:Cryptware.SmartOSAPI.SmartOSK1">
      <summary>
            Class for SmartOSK1 smart cards
            </summary>
      <remarks>
      </remarks>
    </member>
    <member name="F:Cryptware.SmartOSAPI.SmartOSK1.PUBLIC_MEMORY">
      <summary>
            Public memory identifier
            </summary>
    </member>
    <member name="F:Cryptware.SmartOSAPI.SmartOSK1.PRIVATE_MEMORY">
      <summary>
            Private memory identifier
            </summary>
    </member>
    <member name="F:Cryptware.SmartOSAPI.SmartOSK1.PIN">
      <summary>
            PIN identifier
            </summary>
    </member>
    <member name="F:Cryptware.SmartOSAPI.SmartOSK1.PUK">
      <summary>
            PUK memory identifier
            </summary>
    </member>
    <member name="M:Cryptware.SmartOSAPI.SmartOSK1.#ctor(Cryptware.NSCAPI.SmartCard)">
      <summary>
            Constructor
            </summary>
    </member>
    <member name="M:Cryptware.SmartOSAPI.SmartOSK1.ReadBinary(System.Byte,System.Byte,System.Byte)">
      <summary>
            ReadBinary Command
            </summary>
      <remarks>
            Sends a Read Binary Command APDU with specified offset
            </remarks>
      <param name="hi">
            offset hi byte        
            </param>
      <param name="low">
            offset low byte        
            </param>
      <param name="len">
            number of byte to read        
            </param>
    </member>
    <member name="M:Cryptware.SmartOSAPI.SmartOSK1.UpdateBinary(System.Byte,System.Byte,System.Byte[])">
      <summary>
            UpdateBinary Command
            </summary>
      <remarks>
            Sends a Update Binary Command APDU with specified offset and data
            </remarks>
      <param name="hi">
            offset hi byte        
            </param>
      <param name="low">
            offset low byte        
            </param>
      <param name="toWrite">
            bytes to write
            </param>
    </member>
    <member name="T:Cryptware.NSCAPI.SmartCard">
      <summary>
            Implements a smart card interface
            </summary>
      <remarks>
      </remarks>
    </member>
    <member name="F:Cryptware.NSCAPI.SmartCard.LEAVE_CARD">
      <summary>
            Leave the card in the current state
            </summary>
      <see cref="M:Cryptware.NSCAPI.SmartCard.Disconnect(System.Int32)" />
    </member>
    <member name="F:Cryptware.NSCAPI.SmartCard.RESET_CARD">
      <summary>
            Reset the card
            </summary>
      <see cref="M:Cryptware.NSCAPI.SmartCard.Disconnect(System.Int32)" />
    </member>
    <member name="F:Cryptware.NSCAPI.SmartCard.UNPOWER_CARD">
      <summary>
            Unpower the card
            </summary>
      <see cref="M:Cryptware.NSCAPI.SmartCard.Disconnect(System.Int32)" />
    </member>
    <member name="F:Cryptware.NSCAPI.SmartCard.EJECT_CARD">
      <summary>
            Eject the card
            </summary>
      <see cref="M:Cryptware.NSCAPI.SmartCard.Disconnect(System.Int32)" />
    </member>
    <member name="F:Cryptware.NSCAPI.SmartCard.PROTOCOL_UNDEFINED">
      <summary>
            Undefined protocol
            </summary>
      <see cref="M:Cryptware.NSCAPI.Reader.Connect(System.Int32,System.Int32)" />
    </member>
    <member name="F:Cryptware.NSCAPI.SmartCard.PROTOCOL_T0">
      <summary>
            Protocol T=0
            </summary>
      <see cref="M:Cryptware.NSCAPI.Reader.Connect(System.Int32,System.Int32)" />
    </member>
    <member name="F:Cryptware.NSCAPI.SmartCard.PROTOCOL_T1">
      <summary>
            Protocol T=1
            </summary>
      <see cref="M:Cryptware.NSCAPI.Reader.Connect(System.Int32,System.Int32)" />
    </member>
    <member name="F:Cryptware.NSCAPI.SmartCard.PROTOCOL_RAW">
      <summary>
            Protocol RAW
            </summary>
      <see cref="M:Cryptware.NSCAPI.Reader.Connect(System.Int32,System.Int32)" />
    </member>
    <member name="F:Cryptware.NSCAPI.SmartCard.PROTOCOL_Tx">
      <summary>
            This is the mask of ISO defined transmission protocols (T=0, T=1)
            </summary>
      <see cref="M:Cryptware.NSCAPI.Reader.Connect(System.Int32,System.Int32)" />
    </member>
    <member name="F:Cryptware.NSCAPI.SmartCard.PROTOCOL_DEFAULT">
      <summary>
            Use the default transmission parameters / card clock freq.
            </summary>
      <see cref="M:Cryptware.NSCAPI.Reader.Connect(System.Int32,System.Int32)" />
    </member>
    <member name="F:Cryptware.NSCAPI.SmartCard.PROTOCOL_OPTIMAL">
      <summary>
            Use optimal transmission parameters / card clock freq.
            Since using the optimal parameters is the default case no bit is defined to be 1        
            </summary>
      <see cref="M:Cryptware.NSCAPI.Reader.Connect(System.Int32,System.Int32)" />
    </member>
    <member name="M:Cryptware.NSCAPI.SmartCard.#ctor(Cryptware.NSCAPI.Reader,System.Int32)">
      <summary>
            Initializes a new instance of the <see cref="T:Cryptware.NSCAPI.SmartCard" /> class.
            </summary>
      <param name="reader">The reader.</param>
      <param name="cardHandle">The card handle.</param>
            03/06/2010
        </member>
    <member name="M:Cryptware.NSCAPI.SmartCard.Disconnect(System.Int32)">
      <summary>
            Disconnect to the smart card
            </summary>
      <remarks>
      </remarks>
    </member>
    <member name="M:Cryptware.NSCAPI.SmartCard.WaitForSmartCardRemoved">
      <summary>
            Waits for smart card removal
            </summary>
      <remarks>
            Stops execution and waits for smart card removal
            </remarks>
    </member>
    <member name="M:Cryptware.NSCAPI.SmartCard.WaitForSmartCardRemoved(System.Int32)">
      <summary>
            Waits for smart card removal
            </summary>
      <remarks>
            Stops execution and waits for smart card removal
            </remarks>
    </member>
    <member name="M:Cryptware.NSCAPI.SmartCard.SendControl(System.Int32,System.Byte[])">
      <summary>
            Send a control command to the smart card
            </summary>
      <remarks>
      </remarks>
    </member>
    <member name="M:Cryptware.NSCAPI.SmartCard.Send(Cryptware.NSCAPI.CommandAPDU)">
      <summary>
            Send an APDU to the smart card
            </summary>
      <remarks>
      </remarks>
    </member>
    <member name="P:Cryptware.NSCAPI.SmartCard.ATR">
      <summary>
            smart card's ATR
            </summary>
      <remarks>
      </remarks>
    </member>
    <member name="P:Cryptware.NSCAPI.SmartCard.Protocol">
      <summary>
            smart card's protocol
            </summary>
      <remarks>
      </remarks>
    </member>
    <member name="P:Cryptware.NSCAPI.SmartCard.Reader">
      <summary>
            Reader that contains this smart card
            </summary>
      <remarks>
      </remarks>
    </member>
    <member name="P:Cryptware.NSCAPI.SmartCard.IsPresent">
      <summary>
            Check if the smart card is still present in the reader
            </summary>
      <remarks>
      </remarks>
    </member>
    <member name="P:Cryptware.NSCAPI.SmartCard.CardHandle">
      <summary>
            Gets the card handle.
            </summary>
      <value>The card handle.</value>
            03/06/2010
        </member>
    <member name="T:Cryptware.NCardOSAPI.CardOS">
      <summary>
             Class for CardOS smart cards
            </summary>
            12/07/2010
        </member>
    <member name="F:Cryptware.NCardOSAPI.CardOS.SELECT_MODE_NORMAL">
            Selection of the EF or the DF with the given FID under the current DF - Data field contains the File ID (2 bytes)
            or
            Selection of the MF. Data field is Empty (0 bytes)
            or
            Selection of the MF. Data field is 3Fh 00h (2 bytes)
        </member>
    <member name="F:Cryptware.NCardOSAPI.CardOS.SELECT_MODE_PARENT">
            Selection of the parent DF. Data field is Empty (0 bytes)
        </member>
    <member name="F:Cryptware.NCardOSAPI.CardOS.SELECT_MODE_BY_AID">
            DF Selection by AID DF Data fiels is the AID (1..16 bytes)
        </member>
    <member name="F:Cryptware.NCardOSAPI.CardOS.SELECT_MODE_ABSOLUTE">
            Select EF or DF by absolute path selection. The data field is the path (m*2 Bytes)
        </member>
    <member name="F:Cryptware.NCardOSAPI.CardOS.SELECT_MODE_RELATIVE">
            Select EF or DF by relative path selection. The data field is the path (m*2 Bytes)
        </member>
    <member name="M:Cryptware.NCardOSAPI.CardOS.#ctor(Cryptware.NSCAPI.SmartCard)">
      <summary>
            Initializes a new instance of the <see cref="T:Cryptware.NCardOSAPI.CardOS" /> class.
            </summary>
      <param name="sc">The sc.</param>
            Construct a CNS object
            @param sc the smart card         
        </member>
    <member name="M:Cryptware.NCardOSAPI.CardOS.VerifyPIN(System.Byte,System.String)">
      <summary>
            Verifies the PIN.
            </summary>
      <param name="id">The id to verify</param>
      <param name="pin">The pin.</param>
      <returns>
      </returns>
            VerifyPIN Command
            @param id the id to verify
            @param pin
            @return the response         
        </member>
    <member name="M:Cryptware.NCardOSAPI.CardOS.ChangeReferenceData(System.Byte,System.String)">
      <summary>
            Changes the reference data.<br />This function needs that the PIN object has been verified before
            </summary>
      <param name="id">The id of the PIN object.</param>
      <param name="pin">The he new PIN object to set.</param>
      <returns>the result of the command</returns>
    </member>
    <member name="M:Cryptware.NCardOSAPI.CardOS.ChangeReferenceData(System.Byte,System.String,System.String)">
      <summary>
            Change the Reference Data of PIN object.
            </summary>
      <param name="id">The id of the PIN object.</param>
      <param name="oldpin">The oldpin.</param>
      <param name="newpin">The newpin.</param>
      <returns>the result of the command</returns>
    </member>
    <member name="M:Cryptware.NCardOSAPI.CardOS.SelectFile(System.Byte,System.String)">
      <summary>
             Selects the file.
             </summary>
      <param name="mode">The mode.
             <br /> - SELECT_MODE_NORMAL
             <br /> - SELECT_MODE_ABSOLUTE
             <br /> - SELECT_MODE_BY_AID
             <br /> - SELECT_MODE_PARENT
             <br /> - SELECT_MODE_RELATIVE
            </param>
      <param name="path">The path.</param>
      <returns>the result of the command.</returns>
    </member>
    <member name="M:Cryptware.NCardOSAPI.CardOS.ReadBinary(System.Int32)">
      <summary>
            Reads bytes from the currently selected file.
            </summary>
      <param name="toRead">Number of bytes to read.</param>
      <returns>the result of the command.</returns>
    </member>
    <member name="M:Cryptware.NCardOSAPI.CardOS.ReadBinary(System.Byte,System.Byte,System.Byte)">
      <summary>
            Reads bytes from the currently selected file     
            </summary>
      <param name="hi">The highest byte of the offset.</param>
      <param name="low">The lowest byte of the offset.</param>
      <param name="len">The number of bytes to read.</param>
      <returns>the response</returns>
    </member>
    <member name="M:Cryptware.NCardOSAPI.CardOS.UpdateBinary(System.Byte,System.Byte,System.Byte[],System.Int16,System.Byte)">
      <summary>
            UpdateBinary Command<br />
            Sends a Update Binary Command APDU with specified offset and data
            </summary>
      <param name="hi">The highest byte of the offset.</param>
      <param name="low">The lowest byte of the offset.</param>
      <param name="toWrite">To bytes to write.</param>
      <param name="offset">The offset in toWrite buffer.</param>
      <param name="len">the number of bytes to write.</param>
      <returns>the response</returns>
    </member>
    <member name="M:Cryptware.NCardOSAPI.CardOS.UpdateBinary(System.Int16,System.Int16,System.Byte[])">
      <summary>
            UpdateBinary Command<br />
            Sends a Update Binary Command APDU with specified offset and data
            </summary>
      <param name="hi">The highest byte of the offset.</param>
      <param name="low">The lowest byte of the offset.</param>
      <param name="toWrite">To bytes to write.</param>
      <returns>the response</returns>
    </member>
    <member name="P:Cryptware.NCardOSAPI.CardOS.SmartCard">
      <summary>
            Gets or sets the smart card.
            </summary>
      <value>The smart card.</value>
            13/07/2010
        </member>
    <member name="T:Cryptware.NSCAPI.SmartCardManager">
      <summary>
             Smart Card Manager for managing all stuffs related to smart cards and readers
             </summary>
      <remarks>
             SmartCardManager object allows managing smart cards and readers. 
             </remarks>
      <example>
        <code>
             SmartCardManager scman = new SmartCardManager();
            
             Readers readerList = scman.PluggedReaders;
            
             Reader reader = readerList[0];
            
             reader.WaitForSmartCardInserted(Reader.INFINITE);
             SmartCard card = reader.Connect();
             CommandAPDU apdu = new CommandAPDU();
             apdu.CLA = 0x00;
             apdu.INS = 0xCA;  // GET_DATA
             apdu.P1 = 0x00;
             apdu.P2 = 0x81;
             apdu.LE = 0x00;    //  entire buffer required
            
             //sends the command APDU and gets the Response APDU
             ResponseAPDU resp = card.Send(apdu);
            
             // checks SW1 and SW2 by using Success property
             if (resp.Success)
             {
                 Console.Write("SW1: " + resp.SW1);
                 Console.Write("SW2: " + resp.SW2);
             }
             </code>
      </example>
    </member>
    <member name="T:Cryptware.NSCAPI.ISmartCardManager">
      <summary>
            Interface to SmartCardManager
            </summary>
            08/06/2010
        </member>
    <member name="M:Cryptware.NSCAPI.ISmartCardManager.WaitForSmartCardInserted">
      <summary>
            Waits for smart card inserted.
            </summary>
      <returns>
      </returns>
            08/06/2010
        </member>
    <member name="M:Cryptware.NSCAPI.ISmartCardManager.WaitForSmartCardInserted(System.Int32)">
      <summary>
            Waits for smart card inserted.
            </summary>
      <param name="timeout">The timeout.</param>
      <returns>
      </returns>
            08/06/2010
        </member>
    <member name="M:Cryptware.NSCAPI.ISmartCardManager.Dispose">
      <summary>
            Releases unmanaged and - optionally - managed resources
            </summary>
            08/06/2010
        </member>
    <member name="P:Cryptware.NSCAPI.ISmartCardManager.ActiveReaders">
      <summary>
            Gets the active readers.
            </summary>
      <value>The active readers.</value>
            08/06/2010
        </member>
    <member name="P:Cryptware.NSCAPI.ISmartCardManager.PluggedReaders">
      <summary>
            Gets the plugged readers.
            </summary>
      <value>The plugged readers.</value>
            08/06/2010
        </member>
    <member name="F:Cryptware.NSCAPI.SmartCardManager.INFINITE">
      <summary>
            Infinite timeout in WaitForSmartCard events
            </summary>
      <see cref="M:Cryptware.NSCAPI.SmartCardManager.WaitForSmartCardInserted(System.Int32)" />
      <see cref="M:Cryptware.NSCAPI.Reader.WaitForSmartCardRemoved(System.Int32)" />
      <see cref="M:Cryptware.NSCAPI.Reader.WaitForSmartCardInserted(System.Int32)" />
    </member>
    <member name="F:Cryptware.NSCAPI.SmartCardManager.SCOPE_USER">
      <summary>
            The context is a user context, and any
            database operations are performed within the
            domain of the user.
            </summary>
    </member>
    <member name="F:Cryptware.NSCAPI.SmartCardManager.SCOPE_TERMINAL">
      <summary>
            The context is that of the current terminal,
            and any database operations are performed
            within the domain of that terminal.  (The
            calling application must have appropriate
            access permissions for any database actions.)
            </summary>
    </member>
    <member name="F:Cryptware.NSCAPI.SmartCardManager.SCOPE_SYSTEM">
      <summary>
            The context is the system context, and any
            database operations are performed within the
            domain of the system.  (The calling
            application must have appropriate access
            permissions for any database actions.) 
            </summary>
    </member>
    <member name="M:Cryptware.NSCAPI.SmartCardManager.#ctor">
      <summary>
            Constructor 
            </summary>
    </member>
    <member name="M:Cryptware.NSCAPI.SmartCardManager.#ctor(System.Int32)">
      <summary>
            Constructor 
            </summary>
    </member>
    <member name="M:Cryptware.NSCAPI.SmartCardManager.Dispose">
      <summary>
            Dispose all resources 
            </summary>
    </member>
    <member name="M:Cryptware.NSCAPI.SmartCardManager.WaitForSmartCardInserted">
      <summary>
            Waits for smart card inserted.
            </summary>
      <returns>
      </returns>
            31/05/2010
        </member>
    <member name="M:Cryptware.NSCAPI.SmartCardManager.WaitForSmartCardInserted(System.Int32)">
      <summary>
            Waits for smart card inserted.
            </summary>
      <param name="timeout">The timeout.</param>
      <returns>
      </returns>
            31/05/2010
        </member>
    <member name="P:Cryptware.NSCAPI.SmartCardManager.ActiveReaders">
      <summary>
            Collection of readers currently plugged into the PC and having a smart card inserted
            </summary>
      <remarks>
      </remarks>
    </member>
    <member name="P:Cryptware.NSCAPI.SmartCardManager.PluggedReaders">
      <summary>
            Collection of readers currently plugged to the PC
            </summary>
      <remarks>
      </remarks>
    </member>
  </members>
</doc>