<?xml version="1.0"?>
<doc>
  <assembly>
    <name>NSLE4442Lib</name>
  </assembly>
  <members>
    <member name="T:Cryptware.NSLE4442API.SLE4442Direct">
      <summary>
            Implements the class for direct access to SLE4442 through the following supported smart card readers:<br />
            ACR38U<br />
            Blutronics BluedriveII<br />
            Omnikey<br />
            Castles<br />
            SCM<br />
            Towitoko<br /></summary>
            03/06/2010
        </member>
    <member name="M:Cryptware.NSLE4442API.SLE4442Direct.OpenLib">
      <summary>
            Opens the lib.
            </summary>
      <returns>
      </returns>
            03/06/2010
        </member>
    <member name="M:Cryptware.NSLE4442API.SLE4442Direct.CloseLib">
      <summary>
            Closes the lib.
            </summary>
      <returns>
      </returns>
            03/06/2010
        </member>
    <member name="M:Cryptware.NSLE4442API.SLE4442Direct.GetReaderList(System.IntPtr@,System.Int32@)">
      <summary>
            Gets the reader list.
            </summary>
      <param name="pmszReaders">The PMSZ readers.</param>
      <param name="pcchReaders">The PCCH readers.</param>
      <returns>
      </returns>
            03/06/2010
        </member>
    <member name="M:Cryptware.NSLE4442API.SLE4442Direct.Connect(System.String)">
      <summary>
            Connects the specified sz reader.
            </summary>
      <param name="szReader">The sz reader.</param>
      <returns>
      </returns>
            03/06/2010
        </member>
    <member name="M:Cryptware.NSLE4442API.SLE4442Direct.Disconnect">
      <summary>
            Disconnects this instance.
            </summary>
      <returns>
      </returns>
            03/06/2010
        </member>
    <member name="M:Cryptware.NSLE4442API.SLE4442Direct.ReadMainMemory(System.Byte[],System.Int32,System.Int32@)">
      <summary>
            Reads the main memory.
            </summary>
      <param name="buffer">The buffer.</param>
      <param name="offset">The offset.</param>
      <param name="len">The len.</param>
      <returns>
      </returns>
            03/06/2010
        </member>
    <member name="M:Cryptware.NSLE4442API.SLE4442Direct.UpdateMainMemory(System.Byte[],System.Int32,System.Int32)">
      <summary>
            Updates the main memory.
            </summary>
      <param name="buffer">The buffer.</param>
      <param name="offset">The offset.</param>
      <param name="nLen">The n len.</param>
      <returns>
      </returns>
            03/06/2010
        </member>
    <member name="M:Cryptware.NSLE4442API.SLE4442Direct.ReadProtectionMemoryBits(System.Byte[],System.Int32,System.Int32@)">
      <summary>
            Reads the protection memory bits.
            </summary>
      <param name="buffer">The buffer.</param>
      <param name="offset">The offset.</param>
      <param name="len">The len.</param>
      <returns>
      </returns>
            03/06/2010
        </member>
    <member name="M:Cryptware.NSLE4442API.SLE4442Direct.WriteProtectionMemoryBits(System.Byte[],System.Int32,System.Int32)">
      <summary>
            Writes the protection memory bits.
            </summary>
      <param name="buffer">The buffer.</param>
      <param name="offset">The offset.</param>
      <param name="nLen">The n len.</param>
      <returns>
      </returns>
            03/06/2010
        </member>
    <member name="M:Cryptware.NSLE4442API.SLE4442Direct.VerifyPIN(System.Byte[],System.Int32)">
      <summary>
            Verifies the PIN.
            </summary>
      <param name="pin">The pin.</param>
      <param name="nLen">The n len.</param>
      <returns>
      </returns>
            03/06/2010
        </member>
    <member name="M:Cryptware.NSLE4442API.SLE4442Direct.ChangePIN(System.Byte[],System.Int32,System.Byte[],System.Int32)">
      <summary>
            Changes the PIN.
            </summary>
      <param name="oldpin">The oldpin.</param>
      <param name="oldLen">The old len.</param>
      <param name="newpin">The newpin.</param>
      <param name="newLen">The new len.</param>
      <returns>
      </returns>
            13/07/2010
        </member>
    <member name="M:Cryptware.NSLE4442API.SLE4442Direct.WaitForSmartCardInserted(System.String,System.Int32)">
      <summary>
            Waits for smart card inserted.
            </summary>
      <param name="szReader">The sz reader.</param>
      <param name="timeout">The timeout.</param>
      <returns>
      </returns>
            03/06/2010
        </member>
    <member name="M:Cryptware.NSLE4442API.SLE4442Direct.WaitForSmartCardRemoved(System.String,System.Int32)">
      <summary>
            Waits for smart card removed.
            </summary>
      <param name="szReader">The sz reader.</param>
      <param name="timeout">The timeout.</param>
      <returns>
      </returns>
            03/06/2010
        </member>
    <member name="M:Cryptware.NSLE4442API.SLE4442Direct.CancelWaiting">
      <summary>
            Cancels the waiting.
            </summary>
      <returns>
      </returns>
            03/06/2010
        </member>
    <member name="T:Cryptware.NSLE4442API.SLE4442">
      <summary>
            Implements the class for accessing to SLE4442 in NSCAPI model, through the following supported smart card readers:<br />
            ACR38U<br />
            Blutronics BluedriveII<br />
            Omnikey<br />
            Castles<br />
            SCM<br />
            Towitoko<br /></summary>
            03/06/2010
        </member>
    <member name="T:Cryptware.NSLE4442API.ISLE4442">
      <summary>
            Interface for SLE4442
            </summary>
            03/06/2010
        </member>
    <member name="M:Cryptware.NSLE4442API.ISLE4442.Connect(Cryptware.NSCAPI.Reader)">
      <summary>
            Connects the specified reader.
            </summary>
      <param name="reader">The reader.</param>
      <returns>
      </returns>
            07/06/2010
        </member>
    <member name="M:Cryptware.NSLE4442API.ISLE4442.Disconnect">
      <summary>
            Disconnects this instance.
            </summary>
      <returns>
      </returns>
            07/06/2010
        </member>
    <member name="M:Cryptware.NSLE4442API.ISLE4442.ChangePIN(System.Byte[],System.Byte[])">
      <summary>
            Changes the PIN.
            </summary>
      <param name="oldpin">The oldpin.</param>
      <param name="newpin">The newpin.</param>
      <returns>
      </returns>
            13/07/2010
        </member>
    <member name="M:Cryptware.NSLE4442API.ISLE4442.ReadMainMemory(System.Int32,System.Int32)">
      <summary>
            Reads the main memory.
            </summary>
      <param name="offset">The offset.</param>
      <param name="bytesToRead">The bytes to read.</param>
      <returns>
      </returns>
            03/06/2010
        </member>
    <member name="M:Cryptware.NSLE4442API.ISLE4442.ReadProtectionMemoryBits(System.Int32,System.Int32)">
      <summary>
            Reads the protection memory bits.
            </summary>
      <param name="offset">The offset.</param>
      <param name="bytesToRead">The bytes to read.</param>
      <returns>
      </returns>
            03/06/2010
        </member>
    <member name="M:Cryptware.NSLE4442API.ISLE4442.UpdateMainMemory(System.Byte[],System.Int32,System.Int32)">
      <summary>
            Updates the main memory.
            </summary>
      <param name="bytesToWrite">The bytes to write.</param>
      <param name="offset">The offset.</param>
      <param name="len">The length.</param>
            03/06/2010
        </member>
    <member name="M:Cryptware.NSLE4442API.ISLE4442.VerifyPIN(System.Byte[])">
      <summary>
            Verifies the PIN.
            </summary>
      <param name="pin">The pin.</param>
      <returns>
      </returns>
            03/06/2010
        </member>
    <member name="M:Cryptware.NSLE4442API.ISLE4442.WriteProtectionMemoryBits(System.Byte[],System.Int32,System.Int32)">
      <summary>
            Writes the protection memory bits.
            </summary>
      <param name="bytesToWrite">The bytes to write.</param>
      <param name="offset">The offset.</param>
      <param name="len">The length.</param>
            03/06/2010
        </member>
    <member name="P:Cryptware.NSLE4442API.ISLE4442.Reader">
      <summary>
            Gets or sets the reader.
            </summary>
      <value>The reader.</value>
            07/06/2010
        </member>
    <member name="M:Cryptware.NSLE4442API.SLE4442.#ctor">
      <summary>
            Initializes a new instance of the <see cref="T:Cryptware.NSLE4442API.SLE4442" /> class.
            </summary>       
            03/06/2010
        </member>
    <member name="M:Cryptware.NSLE4442API.SLE4442.Connect(Cryptware.NSCAPI.Reader)">
      <summary>
            Connects the specified reader.
            </summary>
      <param name="reader">The reader.</param>
      <returns>
      </returns>
            03/06/2010
        </member>
    <member name="M:Cryptware.NSLE4442API.SLE4442.Disconnect">
      <summary>
            Disconnects this instance.
            </summary>
      <returns>
      </returns>
            04/06/2010
        </member>
    <member name="M:Cryptware.NSLE4442API.SLE4442.VerifyPIN(System.Byte[])">
      <summary>
            Verifies the PIN.
            </summary>
      <param name="pin">The pin.</param>
      <returns>
      </returns>
            03/06/2010
        </member>
    <member name="M:Cryptware.NSLE4442API.SLE4442.ChangePIN(System.Byte[],System.Byte[])">
      <summary>
            Changes the PIN.
            </summary>
      <param name="oldpin">
      </param>
      <param name="newpin">
      </param>
      <returns>
      </returns>
            03/06/2010
            13/07/2010
        </member>
    <member name="M:Cryptware.NSLE4442API.SLE4442.ReadMainMemory(System.Int32,System.Int32)">
      <summary>
            Reads the main memory.
            </summary>
      <param name="offset">The offset.</param>
      <param name="bytesToRead">The bytes to read.</param>
      <returns>
      </returns>
            03/06/2010
        </member>
    <member name="M:Cryptware.NSLE4442API.SLE4442.ReadProtectionMemoryBits(System.Int32,System.Int32)">
      <summary>
            Reads the protection memory bits.
            </summary>
      <param name="offset">The offset.</param>
      <param name="bytesToRead">The bytes to read.</param>
      <returns>
      </returns>
            03/06/2010
        </member>
    <member name="M:Cryptware.NSLE4442API.SLE4442.UpdateMainMemory(System.Byte[],System.Int32,System.Int32)">
      <summary>
            Updates the main memory.
            </summary>
      <param name="bytesToWrite">The bytes to write.</param>
      <param name="offset">The offset.</param>
            03/06/2010
        </member>
    <member name="M:Cryptware.NSLE4442API.SLE4442.WriteProtectionMemoryBits(System.Byte[],System.Int32,System.Int32)">
      <summary>
            Writes the protection memory bits.
            </summary>
      <param name="bytesToWrite">The bytes to write and protect.</param>
      <param name="offset">The offset.</param>
            03/06/2010
        </member>
    <member name="M:Cryptware.NSLE4442API.SLE4442.GetPINRetryCounter">
      <summary>
            Gets the PIN retry counter.
            </summary>
      <returns>The PIN retry counter</returns>
            12/11/2010
        </member>
    <member name="P:Cryptware.NSLE4442API.SLE4442.Reader">
      <summary>
            Gets or sets the reader.
            </summary>
      <value>The reader.</value>
            03/06/2010
        </member>
  </members>
</doc>