<?xml version="1.0" encoding="UTF-8"?><?xml-stylesheet type='text/xsl' href='_UpgradeReport_Files/UpgradeReport.xslt'?><UpgradeLog>
<Properties><Property Name="Solution" Value="TestNSLE4442Lib">
</Property><Property Name="Solution File" Value="C:\Documents and Settings\ugos\Desktop\SLE4442API\SLE4442API\NET\examples\TestNSLE4442Lib\TestNSLE4442Lib.sln">
</Property><Property Name="Date" Value="venerdì 9 novembre 2012">
</Property><Property Name="Time" Value="22.26">
</Property></Properties><Event ErrorLevel="0" Project="TestNSLE4442Lib" Source="TestNSLE4442Lib.csproj" Description="Project converted successfully">
</Event><Event ErrorLevel="3" Project="TestNSLE4442Lib" Source="TestNSLE4442Lib.csproj" Description="Converted">
</Event><Event ErrorLevel="0" Project="" Source="TestNSLE4442Lib.sln" Description="Solution converted successfully">
</Event><Event ErrorLevel="3" Project="" Source="TestNSLE4442Lib.sln" Description="Converted">
</Event><Event ErrorLevel="0" Project="TestNSLE4442Lib" Source="TestNSLE4442Lib.csproj" Description="Scan complete: Upgrade not required for project files.">
</Event></UpgradeLog>